Country Name,Country Code,2000,2001,2002,2003,2004,2005,2006,2007,2008,2009,2010,2011,2012,2013,2014,2015,2016
Aruba,ABW,15.44282295,17.1,18.8,20.8,23,25.4,28,30.9,52,58,62,69,74,78.9,83.78,88.66122693,93.54245387
Afghanistan,AFG,,0.004722568,0.004561395,0.087891253,0.10580903,1.224148084,2.107123645,1.9,1.84,3.55,4,5,5.454545455,5.9,7,8.26,10.59572642
Angola,AGO,0.105045562,0.136013867,0.270376746,0.370682065,0.464814618,1.143366827,1.5,1.7,1.9,2.3,2.8,3.1,6.5,8.9,10.2,12.4,13
Albania,ALB,0.114097347,0.325798377,0.390081273,0.971900415,2.420387798,6.043890864,9.609991316,15.03611541,23.86,41.2,45,49,54.65595904,57.2,60.1,63.2529327,66.3634447
Andorra,AND,10.53883561,,11.26046872,13.54641288,26.83795439,37.60576622,48.936847,70.87,70.04,78.53,81,81,86.43442462,94,95.9,96.91,97.93063712
Arab World,ARB,1.1395411227,1.5612881698,2.6930610134,3.6458807827,7.006812461,8.3931417251,11.6546479151,14.205902237,18.5935311754,21.5453538967,24.5357799041,26.6454640754,30.2744905926,32.9846785409,36.4830135817,39.8674632905,42.0268872582
United Arab Emirates,ARE,23.62530088,26.2717542,28.31648531,29.47795341,30.13129617,40,52,61,63,64,68,78,84.9999915,88,90.4,90.5,90.60000732
Argentina,ARG,7.038683086,9.780807285,10.88212438,11.91369655,16.03668411,17.72058337,20.9272021,25.94663294,28.11262348,34,45,51,55.8,59.9,64.7,68.04306411,70.15076431
Armenia,ARM,1.300470022,1.631094667,1.960405046,4.575217225,4.899008571,5.252983352,5.631787777,6.021253397,6.21,15.3,25,32,37.5,41.9,54.62280586,59.10237771,62
American Samoa,ASM,,,,,,,,,,,,,,,,,
Antigua and Barbuda,ATG,6.482225737,8.899285515,12.5,17.22864878,24.26654372,27,30,34,38,42,47,52,58,63.4,67.78,70,73
Australia,AUS,46.75611561,52.68926643,,,,63,66,69.45,71.67,74.25,76,79.48769771,79,83.45349717,84,84.56051935,88.23865805
Austria,AUT,33.73013295,39.18545018,36.56,42.7,54.28,58,63.6,69.37,72.87,73.45,75.17,78.7399931,80.02999392,80.6188,80.99582496,83.94014193,84.32333129
Azerbaijan,AZE,0.147757576,0.305564638,4.999713678,,,8.030375356,11.99217733,14.54,17.08,27.4,46,50,54.2,73.00000137,75.00001564,77,78.2
Burundi,BDI,0.077248447,0.106001245,0.118228412,0.201273197,0.349060462,0.542142866,0.65759259,0.7,0.81,0.9,1,1.11,1.219999945,1.264218111,1.38,4.866224464,5.173626777
Belgium,BEL,29.43169169,31.28839551,46.33,49.97,53.86,55.82,59.72,64.44,66,70,75,81.609996,80.71999055,82.1702,85,85.0529,86.5165
Benin,BEN,0.225247851,0.36341789,0.702945595,0.951327115,1.182540965,1.271031439,1.537854346,1.79,1.85,2.24,3.13,4.148323066,4.5,4.9,6,11.25498791,11.99404791
Burkina Faso,BFA,0.077080169,0.157732465,0.200992598,0.373440303,0.400295285,0.469914489,0.632707564,0.75,0.92,1.13,2.4,3,3.725034916,9.1,9.4,11.38764617,13.96
Bangladesh,BGD,0.071039423,0.129807974,0.139920289,0.163877665,0.199036334,0.241637326,1,1.8,2.5,3.1,3.7,4.5,5,6.63,13.9,14.4,18.246938
Bulgaria,BGR,5.370923469,7.612297749,9.08,12.04,18.13,19.97,27.09,33.64,39.67,45,46.23,47.97999305,51.89998767,53.0615,55.49,56.6563,59.82554766
Bahrain,BHR,6.153732546,15.03863425,18.05072089,21.55494499,21.45868051,21.30373351,28.24395243,32.91,51.95,53,55,76.9999665,88,90.0000397,90.50313348,93.47830114,97.9999807
"Bahamas, The",BHS,8,11.8,18,20,22,25,26,27,31.54,33.88,43,65,71.74820281,72,76.92,78,80
Bosnia and Herzegovina,BIH,1.08296075,1.200526951,2.648267914,3.965036834,15.46897162,21.326701,25.12238569,27.92,34.66,37.74,42.75,47.77,52.78,57.79,60.8,65.0655028,69.33100561
Belarus,BLR,1.860398126,4.300616022,8.950971315,,,,16.2,19.7,23,27.43,31.8,39.64889566,46.91,54.17,59.02,67.3,71.11304576
Belize,BLZ,5.963835303,,5.684251214,,9.8,17,24,24.6,26.3,27.2,28.2,30.7,31,33.6,38.7,41.59,44.57574032
Bermuda,BMU,42.94986002,47.5096999,52.03159737,56.52201218,60.99086701,65.44706579,69.89965516,74.35059403,82.3,83.25,84.21,88.336,91.29930452,95.3,96.8,98.32360965,98
Bolivia,BOL,1.442763585,2.120462534,3.117192947,3.508596401,4.439924601,5.227583957,6.200671255,10.49924432,12.5,16.8,22.4,30,35.34,36.99,34.6,35.56227065,39.6975146
Brazil,BRA,2.870685159,4.528494869,9.149425086,13.2075861,19.07367227,21.02274725,28.17838018,30.88,33.83,39.22,40.65,45.69,48.56,51.04,54.55100188,58.32795173,59.68274736
Barbados,BRB,3.973678355,11.93645034,27.83632242,39.68962712,49.8,52.5,55.3,58.2,61.4,64.7,65.1,66.5,71.2,71.8,75.16,76.11,79.54939789
Brunei Darussalam,BRN,8.996284534,12.91776908,15.32987986,19.59500322,29.71560414,36.46639195,42.18634916,44.68,46,49,53,56,60.27306504,64.5,68.77,71.2,75
Bhutan,BTN,0.400944447,0.864628564,1.675802584,2.436912399,3.156984196,3.847106745,4.518317258,5.92,6.55,7.17,13.6,14.4,15.6,22.4,30.3,39.8,41.77264453
Botswana,BWA,2.902666622,3.430886787,3.385922351,3.345190174,3.304889253,3.262554036,4.289932975,5.28,6.25,6.15,6,9,16,30,36.74474744,37.31205037,39.36299738
Central African Republic,CAF,0.053394174,0.078543428,0.128537117,0.151563338,0.223401395,0.268195609,0.311159173,0.375815961,1,1.8,2,2.2,3,3.4,3.6,3.8,4
Canada,CAN,51.3,60.2,61.59329927,64.2,65.95596346,71.66,72.4,73.2,76.7,80.3,80.3,83,83,85.8,87.12,88.47,89.84
Central Europe and the Baltics,CEB,7.0376502069,10.2153651273,18.1941719151,22.5126441012,29.1504442319,34.6472932178,40.6587637475,45.1142814939,50.4833146987,54.8702244712,58.3501669587,58.8573921352,61.5095487711,63.290972067,66.3278506485,67.2013683742,71.1873146836
Switzerland,CHE,47.1,55.1,61.4,65.1,67.8,70.1,75.7,77.2,79.2,81.3,83.9,85.19302818,85.2,86.34,87.4,87.4790556,89.4055681
Channel Islands,CHI,,,,,,,,,,,,,,,,,
Chile,CHL,16.6,19.1,22.1,25.47377889,28.17791012,31.17534703,34.49775117,35.9,37.3,41.56,45,52.24960729,55.05,58,61.11,64.289,66.01
China,CHN,1.775913207,2.639650215,4.595704331,6.2,7.3,8.523257003,10.52315262,16,22.6,28.9,34.3,38.3,42.30011749,45.8,47.9,50.3,53.2
Cote d'Ivoire,CIV,0.231461671,0.395747702,0.497929361,0.758669629,0.849282415,1.039238205,1.524900791,1.8,1.9,2,2.7,2.9,5,12,19.2742298,21.88520842,26.52722561
Cameroon,CMR,0.252120078,0.277051322,0.360871584,0.587622611,0.976075415,1.402654226,2.028744791,2.93,3.4,3.84,4.3,5,7.5,10,16.21487223,20.68014766,25
"Congo, Dem. Rep.",COD,0.005902114,0.011475782,0.092790702,0.134914837,0.196208375,0.238037799,0.29605361,0.37,0.44,0.56,0.72,1.2,1.679961015,2.2,3,3.799999507,6.20997406
"Congo, Rep.",COG,0.026354732,0.032223616,0.157249517,0.460014187,1.07750493,1.46342006,2.007990079,2.759704374,4.287509903,4.5,5,5.6,6.106695024,6.6,7.11,7.615974662,8.121949323
Colombia,COL,2.207532993,2.854199971,4.6,7.388923711,9.118690303,11.00726389,15.34167454,21.8,25.6,30,36.5,40.35091575,48.98,51.7,52.57,55.90497251,58.13649357
Comoros,COM,0.271740607,0.443068373,0.554869675,0.84818937,1.327327178,2,2.2,2.5,3,3.5,5.1,5.5,5.975296308,6.5,6.98,7.459161386,7.938322771
Cabo Verde,CPV,1.822443852,2.685332713,3.518757175,4.324885391,5.31883207,6.074087107,6.808911008,8.28321982,14,21,30,32,34.74,37.5,40.26,47.96162392,48.1652774
Costa Rica,CRI,5.800253023,9.559482135,19.89485113,20.33361481,20.79230671,22.07,25.1,28.4,32.29,34.33,36.5,39.212196,47.5,45.96,53,59.76295014,66.02871285
Caribbean small states,CSS,4.9408777835,8.3577114306,11.8222968144,14.9761847218,16.8911922859,19.4889586934,22.3448525654,24.493878696,27.7240474062,31.9269499652,35.7431661252,42.4288614205,42.8540687304,45.5808223721,48.6316834836,50.8496331638,53.7473516135
Cuba,CUB,0.541182549,1.079751722,3.770585038,5.241269054,8.407984759,9.738062208,11.15960131,11.69,12.94,14.33,15.9,16.0172908,21.2,27.93,29.07018437,37.30509742,38.76586728
Curacao,CUW,,,,,,,,,,,,,,,,,61.85551074
Cayman Islands,CYM,,,,,,38.03438308,44.5,52,61,64.5,66,69.46594499,69.7,71.4,74.1,77,79
Cyprus,CYP,15.25539437,18.81875904,28.32,30.09,33.83,32.81,35.83,40.77,42.31,49.81,52.99,56.85989235,60.6898684,65.4548,69.33,71.7159,75.90036019
Czech Republic,CZE,9.780527888,14.69717212,23.93,34.3,35.5,35.27,47.93,51.93,62.97,64.43,68.82,70.49,73.43000782,74.1104,74.23171164,75.6688387,76.48120138
Germany,DEU,30.2163466,31.65093942,48.82,55.9,64.73,68.71,72.16,75.16,78,79,82,81.26999954,82.34999847,84.17,86.19,87.5898,89.64710059
Djibouti,DJI,0.194500528,0.343526263,0.486971705,0.625940229,0.781317175,0.953611449,1.270041159,1.62,2.26,4,6.5,7,8.267232892,9.5,10.71,11.92243143,13.13491511
Dominica,DMA,8.814844198,13.24522804,18.42489277,23.62041985,30.31961309,38.54364326,39.3981743,40.27446301,41.16,42.02,47.45,48.6,49.8,51,57.5,65,67.03
Denmark,DNK,39.17243086,42.95752472,64.25,76.26,80.93,82.74,86.65,85.03,85.02,86.84,88.72,89.81001339,92.26001172,94.6297,95.99,96.3305,96.96778525
Dominican Republic,DOM,3.704692356,4.429390697,6.823725733,7.898392937,8.865553461,11.48319778,14.84492837,17.66,20.82,27.72,31.4,38,42.32,45.9,49.58,54.21576634,61.32819041
Algeria,DZA,0.491705679,0.646114017,1.59164126,2.195359731,4.634475088,5.843942092,7.375984956,9.451190626,10.18,11.23,12.5,14.9,18.2,22.5,29.5,38.2,42.94552688
East Asia & Pacific (excluding high income),EAP,1.8971157371,2.7790903207,4.4049902996,5.7621016384,6.8852653929,8.3191434511,10.1739724047,14.3826941838,19.260137884,23.7692424795,28.9575716227,32.3857611922,36.0683494483,39.708933307,42.0622336738,45.21010263,48.3866206867
Early-demographic dividend,EAR,1.2388588644,1.6946738714,2.8478678038,3.4168971154,4.2171513956,4.8954283674,5.783498059,7.3492611534,8.5158102921,9.7142525773,12.8497121977,15.4775130807,18.1240290493,20.9539718191,25.477723379,30.1865527605,33.4360658568
East Asia & Pacific,EAS,5.5926798762,7.2521661089,8.9935878182,10.5472436457,12.5969642088,14.6663590411,16.617827567,20.7665234457,25.2535662134,29.5131976087,34.2308383101,37.3651559675,40.7093454908,44.5773494325,46.8121032084,49.787923647,52.7963207892
Europe & Central Asia (excluding high income),ECA,2.0235150098,2.977254104,5.1553729847,7.4838454552,10.9761769766,12.7115573175,15.270499281,20.6218997945,24.1292484232,27.7395545088,35.884480702,40.7872027807,48.7039417206,52.8703090154,56.9014198918,60.2640560126,63.6727498495
Europe & Central Asia,ECS,13.1841466738,16.4055693215,23.0575193177,28.3633742255,32.3590858652,35.2269322281,38.0834867,43.6743815037,47.3590447307,50.5660384155,56.1191173284,58.8346303909,63.4862534431,66.3066686151,68.9443512173,71.1620026671,73.9147507289
Ecuador,ECU,1.462188536,2.670443674,4.260796915,4.460228345,4.834442638,5.994255161,7.2,10.8,18.8,24.6,29.03,31.36680836,35.13514645,40.27912194,45.59039067,48.94043379,54.06292473
"Egypt, Arab Rep.",EGY,0.641265038,0.838945611,2.719999715,4.037885107,11.92,12.75,13.66,16.03,18.01,20,21.6,25.6,26.4,29.4,33.89460391,37.81938343,39.21381268
Euro area,EMU,22.52433935,27.3514030538,35.1914655202,42.0964231941,47.4845859524,51.2605091379,54.9365007943,61.3830496683,64.8436095191,67.1298299481,71.0367223918,72.0011635087,74.0921361934,75.8215600952,77.0023222916,78.6663456723,80.4467259308
Eritrea,ERI,0.136711941,0.157815289,0.227090138,,,,,0.41,0.47,0.54,0.61,0.7,0.8,0.9,0.99,1.083733116,1.17711872
Spain,ESP,13.62496081,18.14872269,20.39,39.93,44.01,47.88,50.37,55.11,59.6,62.4,65.8,67.08999939,69.80999994,71.635,76.19,78.6896,80.56133294
Estonia,EST,28.57695381,31.52748977,41.52,45.32,53.2,61.45,63.51,66.19,70.58,72.5,74.1,76.5,78.38992593,80.0043,84.24152803,88.4118116,87.23733209
Ethiopia,ETH,0.015263767,0.037162381,0.072402262,0.105811659,0.155334521,0.219659819,0.310592657,0.37,0.45,0.54,0.75,1.1,2.9,4.6,7.7,11.6,15.36692386
European Union,EUU,20.559409977,25.3029763774,35.1432839919,41.8295269876,46.8395435504,50.982855099,54.5575015226,60.3068532839,64.2018301203,67.2244322563,70.6405273864,71.5190235112,73.7061519154,75.5428368269,77.1139914119,78.4329000006,80.7691050338
Fragile and conflict affected situations,FCS,0.2562296587,0.2511897163,0.5252032065,0.7481102265,1.0531895867,1.4781618364,1.8911375177,3.0682683701,2.9899706148,3.8792696133,6.2241768418,6.8902738556,8.5067113084,10.3229652621,12.4053067198,15.4929313999,17.4938830054
Finland,FIN,37.24846174,43.10536335,62.43,69.22,72.39,74.48,79.66,80.78,83.67,82.49,86.89,88.70999491,89.87999797,91.5144,86.53039275,86.42213333,87.70364996
Fiji,FJI,1.496854734,1.857978594,6.1526497,6.725434738,7.412943485,8.453636634,9.6000384,10.89783105,13,17,20,28,33.74235675,35.2,37.4,42.5,46.50697831
France,FRA,14.30792394,26.32590355,30.18,36.14,39.15,42.87,46.87,66.09,70.68,71.58,77.28,77.81999899,81.44,81.9198,83.75,84.6945,85.62219995
Faroe Islands,FRO,32.91639236,43.24698352,53.29922183,58.91264097,66.53359947,67.90263174,69.35944512,75.98,75.57,75.18,75.2,80.7321728,85.33518924,90,93.3,94.2,95.10868167
"Micronesia, Fed. Sts.",FSM,3.734862137,4.660527199,5.570099705,9.2325021,11.01786731,11.8813691,12.75033925,13.62113273,14.49,15.35,20,22.8,25.974423,27.8,29.65,31.50108128,33.35216255
Gabon,GAB,1.216140618,1.347620222,1.939530106,2.659586594,2.9790698,4.89326475,5.489200803,5.767004576,7.5,9.5,13,18,24,30.53803344,38.07120929,45.78453653,48.05227375
United Kingdom,GBR,26.82175435,33.48109487,56.48,64.82,65.61,70,68.82,75.09,78.39,83.56,85,85.37999855,87.47999842,89.8441,91.61,92.0003,94.77580063
Georgia,GEO,0.484746299,0.992344436,1.58787563,2.558816481,3.886221354,6.079457629,7.526876845,8.26,10.01,20.07,26.9,31.52,36.94,43.3,44,47.56975964,50.00163739
Ghana,GHA,0.153615298,0.20000806,0.830284034,1.193057911,1.716797704,1.831197461,2.723175973,3.85,4.27,5.44,7.8,9,10.6,15,25.51773743,31.44785241,34.66600065
Gibraltar,GIB,19.13163812,21.17110944,23.67023975,28.32577979,32.88608261,39.07013088,45.29864751,51.61,58,65.07,65,65,65.017,,,,94.44447158
Guinea,GIN,0.095424924,0.175541868,0.402022749,0.450960371,0.508819332,0.542254181,0.637492123,0.780025279,0.92,0.94,1,2,3.1,4.5,6.4,8.2,9.8
"Gambia, The",GMB,0.921794919,1.336791166,1.796779883,2.436781193,3.308003478,3.799001139,5.237691158,6.205037419,6.88,7.63,9.2,10.8703,12.44922872,14,15.56,16.5,18.5
Guinea-Bissau,GNB,0.230103171,0.299569145,1.022993234,1.354197478,1.808142203,1.901365316,2.057196705,2.206302237,2.354888711,2.303280592,2.45,2.672,2.893990621,3.1,3.32,3.540706917,3.761413832
Equatorial Guinea,GNQ,0.132354665,0.165260423,0.321197997,0.520524272,0.843930285,1.149789671,1.279193596,1.557123059,1.82,2.13,6,11.5,13.94318219,16.4,18.86,21.31999999,23.77999997
Greece,GRC,9.138837308,10.93502581,14.67,17.8,21.42,24,32.25,35.88,38.2,42.4,44.4,51.64999517,55.06999344,59.8663,63.21,66.835,69.08791547
Grenada,GRD,4.063907991,5.128103982,14.75884055,18.64518218,19.57062058,20.48780488,21.39599117,22.29,23.18,24.05,27,30,32,35,51.6,53.81,55.85640782
Greenland,GRL,31.74781123,35.46413689,44.15478903,54.53425983,56.09901476,57.7034045,59.36168727,61.07,62.82,62.83,63,64,64.8960101,65.8,66.7,67.60044348,68.50087368
Guatemala,GTM,0.712332905,1.738201782,3.39174627,4.548854908,5.1,5.7,6.5,7.3,8.3,9.3,10.5,12.3,16,19.7,23.4,28.80594156,34.50932609
Guam,GUM,16.11312704,25.38022753,31.19229426,33.71668179,36.16178784,38.55987756,43.851443,46.15047362,48.41870215,50.64202838,54.04,57.7,61.53415931,65.4,69.27,73.13999995,77.00999989
Guyana,GUY,6.611491566,13.2069865,,,,,,13.8,18.2,23.9,29.9,30,30.5,31,32,34,35.66
High income,HIC,30.6894004087,36.7567907415,45.2256993882,49.9337723782,55.0883636767,58.7820140901,61.4731820485,66.8903955086,68.9804592014,70.1901632072,72.2804139794,72.8194568569,75.525010238,76.8427573536,78.4722833383,80.0146640125,81.9677147311
"Hong Kong SAR, China",HKG,27.82776068,38.67140323,43.08238303,52.20004335,56.39988039,56.9,60.8,64.8,66.7,69.4,72,72.2,72.9,74.2,79.86627043,84.94835296,87.30034325
Honduras,HND,1.203855999,1.415281931,2.597402597,4.8,5.6,6.5,7.8,9.4,9.6,9.8,11.09,15.9,18.12,17.8,19.08,27.61981381,30
Heavily indebted poor countries (HIPC),HPC,0.1733782893,0.257622535,0.3950524163,0.6044119629,0.9145670472,1.2134473852,1.5578956139,2.4266206499,2.5272832863,3.1533333349,4.9299788652,5.4086331064,6.6848176205,8.1443839993,10.4598543184,13.1420450737,15.6678758473
Croatia,HRV,6.644882544,11.55857318,17.76,22.75,30.91,33.14,37.98,41.44,44.24,50.58,56.55,57.78997899,61.93997315,66.7476,68.57,69.8031,72.69730605
Haiti,HTI,0.231270715,0.340832326,0.893432988,1.647358346,5.401261908,6.376201635,6.796000481,7.2,7.6,8.1,8.37,9,9.8,10.6,11.4,12.1977,12.23260161
Hungary,HUN,6.999676351,14.5285543,16.67,21.63,27.74,38.97,47.06,53.3,61,62,65,68.01998789,70.57999815,72.6439,75.65319745,72.8347,79.25940132
IBRD only,IBD,1.8775687799,2.700212556,4.5141618622,5.7968390267,7.4144397438,8.72443087,10.5705308759,13.7978255271,17.0265292503,20.3898845779,24.9407916572,28.4445791256,32.2093881923,35.305511324,38.9214654356,42.8534946467,46.0108388406
IDA & IBRD total,IBT,1.5667871432,2.1975226122,3.6811742318,4.7988558521,6.1440990383,7.2671938985,8.9021868147,11.4903428778,14.1416350139,16.8901892313,20.6268364534,23.4855836232,26.656510772,29.3541357065,32.7380185054,36.357043418,39.2751059436
IDA total,IDA,0.1665095308,0.3858266887,0.7140718485,1.2767570569,1.7001888697,2.2110003245,2.9317483597,3.7298133425,4.2425217737,5.0269514838,6.5423648178,7.5115790841,9.0101795749,10.7915857642,13.700599932,16.6156736423,19.07087508
IDA blend,IDB,,0.7306945265,1.4324829292,2.7608390327,3.5625121758,4.5194654726,5.5885475343,6.3607020951,7.1104253428,8.0970579855,9.5443821031,11.2090231154,13.1602546449,15.2804658314,17.5974191183,21.0118575822,22.9971255693
Indonesia,IDN,0.925563864,2.018613859,2.134135733,2.38701978,2.600285876,3.602024763,4.764813134,5.786274729,7.917479385,6.92,10.92,12.28,14.52,14.94,17.14,21.97606771,25.36630059
IDA only,IDX,0.139682619,0.2110338765,0.349689794,0.5283094502,0.7632815662,1.0443761642,1.5058800807,2.4104152835,2.7335505517,3.4123057296,5.0234918457,5.6444664827,6.9140359895,8.5500027177,11.7541997881,14.4209129189,17.1116105869
Isle of Man,IMN,,,,,,,,,,,,,,,,,
India,IND,0.52753245,0.660146377,1.537875582,1.686489971,1.976136492,2.388075,2.805499865,3.95,4.38,5.12,7.5,10.07,12.58006091,15.1,21,26,29.54716289
Not classified,INX,,,,,,,,,,,,,,,,,
Ireland,IRL,17.85046724,23.13881219,25.85,34.31,36.99,41.61,54.82,61.15832455,65.34,67.38,69.85,74.88997297,76.91999254,78.2477,79.69,80.1224,82.1697
"Iran, Islamic Rep.",IRN,0.93419002,1.484221332,4.626175115,6.933721953,7.49,8.1,8.76,9.47,12.02,13.8,15.9,19,22.73,29.95,39.35,45.33497588,53.22677263
Iraq,IRQ,,0.1,0.5,0.6,0.9,0.9,0.952344244,0.93,1,1.06,2.5,5,7.1,9.2,13.21,17.22,21.23
Iceland,ISL,44.47053382,49.39299537,79.12,83.14,83.88,87,89.51,90.6,91,93,93.39,94.8196868,96.20979955,96.5468,98.16,98.2,98.2400163
Israel,ISR,20.87379,17.37862386,17.76459906,19.59339366,22.77048553,25.19404242,27.88107446,48.12806219,59.39,63.12,67.5,68.87387799,70.8,70.25031195,75.01775316,77.35208966,79.77879126
Italy,ITA,23.11087424,27.22211698,28.04,29.04,33.24,35,37.99,40.79,44.53,48.83,53.68,54.3899983,55.82999799,58.4593,55.63846022,58.14173496,61.32425277
Jamaica,JAM,3.115778027,3.863020387,6.1,7.8,10,12.8,16.4,21.1,23.6,24.3,27.67,37.43861341,33.79,37.1,40.4027351,42.22122119,45
Jordan,JOR,2.623275422,4.705719581,6.025532412,8.466005016,11.65874137,12.93285205,13.86710879,20,23,26,27.2,34.9,37,41.4,46.2,60.11438269,62.30219257
Japan,JPN,29.99074036,38.53206086,46.59420112,48.43526589,62.39392963,66.9210661,68.68527032,74.3,75.4,78,78.21,79.05411352,79.4964,88.21942891,89.10683302,91.05802839,92
Kazakhstan,KAZ,0.668594403,1.006124211,1.674770995,2.000414753,2.650394657,2.961707492,3.268369051,4.02,11,18.2,31.6,50.6,53.31566912,63,66,72.9,76.8
Kenya,KEN,0.318059714,0.619782266,1.207773885,2.941902861,3.023528042,3.101897702,3.6,4.4,5.2,6.1,7.2,8.8,10.5,13,16.5,21,26
Kyrgyz Republic,KGZ,1.041401145,3.002941327,2.99926518,3.908766268,5.090385307,10.53380134,12.306907,14.03,15.7,16,16.3,17.5,19.8,23,28.3,30.24704278,34.5
Cambodia,KHM,0.04702264,0.076956056,0.226983238,0.260570198,0.300436644,0.317321781,0.46835672,0.49,0.51,0.53,1.26,3.1,4.94,6.8,14,19,25.5706868
Kiribati,KIR,1.785225474,2.337458948,2.5,3,3.5,4,4.5,6,7,8.97,9.07,10,10.74679768,11.5,12.25,12.99748389,13.7
St. Kitts and Nevis,KNA,5.86281024,7.714726556,21.15238176,22.96978429,24.73767754,34,38.5,43.5,49.2,55.7,63,63.2,64,64.6,68,75.7,76.81767491
"Korea, Rep.",KOR,44.7,56.6,59.4,65.5,72.7,73.5,78.1,78.8,81,81.6,83.7,83.75912015,84.07,84.77,87.55682649,89.64863086,92.71654537
Kuwait,KWT,6.731395768,8.551792434,10.24896793,22.40293838,22.92711204,25.92610837,28.79119795,34.8,42,50.8,61.4,65.76907069,70.45,75.46,78.7,77.52326901,78.36738376
Latin America & Caribbean (excluding high income),LAC,3.4006313274,5.0886951404,8.3445756374,10.6972211195,13.8481084267,16.0539115973,20.196999498,23.1934152977,25.9664076912,30.5208321115,34.196125717,38.7532204838,42.5167906078,45.6201621607,48.0766697921,53.6963848562,55.8056920609
Lao PDR,LAO,0.111044032,0.181664461,0.267899241,0.333912466,0.36143449,0.85035749,1.169893428,1.64,3.55,6,7,9,10.74767619,12.5,14.26,18.2,21.87
Lebanon,LBN,7.952743736,6.783219775,7,8,9,10.14,15,18.74,22.53,30.14,43.68,52,61.24978572,70.5,73,74,76.11
Liberia,LBR,0.017702706,0.033812227,0.032713307,0.031868935,0.031011185,,,0.551376581,0.53,2,2.3,2.5,2.6,3.2,5.41,5.903867603,7.319106411
Libya,LBY,0.187042622,0.366533175,2.244418222,2.814517987,3.532838162,3.917787977,4.301051789,4.721999379,9,10.8,14,14,,16.5,17.76,19.01607978,20.27215956
St. Lucia,LCA,5.090483341,8.181863954,14.64183577,20.98247346,21.39521236,21.56758295,24.5,27.9,32,36,43.3,44,45.9,46.2,50,42.53093047,46.72907806
Latin America & Caribbean,LCN,3.9037130404,5.6507536911,8.8873499452,11.2871531808,14.4023870665,16.6297898415,20.7526340624,23.7029350821,26.5004790616,31.0343041285,34.7096220522,39.3464704131,43.1840180792,46.2618827733,48.7691987218,54.2797329261,56.373113499
Least developed countries: UN classification,LDC,0.0993762785,0.1446210211,0.2361911732,0.3554884051,0.5546595997,0.7839624518,1.1172454099,1.9229900452,2.1223670339,2.7053716258,4.2714792944,4.7999393531,6.0600824106,7.5380755381,10.4673554537,13.0243010026,15.6148962711
Low income,LIC,0.1135220805,0.1730081836,0.2584516553,0.4216283201,0.6630634908,0.9105237578,1.1354630936,1.3595977556,1.8699478267,2.3664289965,3.2598434397,3.7248651062,4.7090113845,6.0555493839,7.7125891062,10.2466859796,12.4974282
Liechtenstein,LIE,36.51522989,45.11685265,59.47071067,58.80969184,64.00744814,63.37135615,64.21416136,65.08021844,70,75,80,85,89.4077,93.8,95.21,96.6411951,98.09390389
Sri Lanka,LKA,0.647410011,0.793821864,1.050422706,1.458580228,1.44615998,1.792046794,2.537566129,3.88,5.8,8.78,12,15,18.2854,21.9,25.8,29.98873755,32.05100274
Lower middle income,LMC,0.5598196985,0.8743261692,1.6028199602,2.1145033046,2.9195880326,3.6782979265,4.5877863436,5.8320430171,6.8815849292,7.9893480877,10.9592296443,13.1676006752,15.6952716534,18.3072663778,22.6892449763,26.8219984225,29.8523192712
Low & middle income,LMY,1.4546819671,2.0661378888,3.4691992613,4.5547340163,5.8503646393,6.9353308617,8.5251412299,11.0985498137,13.7263602022,16.4416820498,20.1689874477,23.0219166916,26.2061461611,29.0394426087,32.4238661639,36.0703058718,38.9786279573
Lesotho,LSO,0.21180607,0.261150063,1.083943137,1.53249659,2.175524339,2.580245484,2.979708187,3.44543126,3.58,3.72,3.86,7,10,15,22,25,27.36
Late-demographic dividend,LTE,2.4705984538,3.5604410582,5.9129927253,8.0285168832,10.3829499112,12.2902609022,15.1390892426,19.9771316851,25.1973720973,30.5962521125,36.0328992503,40.0440836916,44.6391844058,48.3232398818,50.8829588154,53.585812511,56.5438381034
Lithuania,LTU,6.427067495,7.179356994,17.69,25.91,31.23,36.22,43.9,49.9,55.22,59.76,62.12,63.6399774,67.22998933,68.4529,72.13,71.378,74.37664556
Luxembourg,LUX,22.88732797,36.16342251,39.84,54.55,65.88,70,72.51,78.92,82.23,87.31,90.62,90.02985856,91.94992374,93.7765,94.67,97.3341,97.49393019
Latvia,LVA,6.319062083,7.219345808,21.94,26.98,38.58,46,53.63,59.17,63.41,66.84,68.42,69.74995456,73.11994377,75.2344,75.83,79.2006,79.88937141
"Macao SAR, China",MAC,13.60858974,22.52121677,25.17188016,25.74212398,31.48409738,34.86292717,46.4,47.327,49.24,54,55.198,60.20369672,61.31,65.8,69.78,77.60013186,81.64298546
St. Martin (French part),MAF,,,,,,,,,,,,,,,,,
Morocco,MAR,0.693791245,1.371438101,2.373253192,3.353366681,11.60793477,15.08444452,19.77119157,21.5,33.1,41.3,52,46.1074826,55.41605319,56,56.8,57.08,58.27123642
Monaco,MCO,42.18486345,46.64614236,48.04711717,49.49116892,52.49019668,55.46482606,61.47603971,64.3776824,67.25,70.1,75,80.3,87,90.7,92.4,93.36330202,95.20817797
Moldova,MDA,1.282846417,1.487812952,3.787242799,7.407544584,10.62939084,14.63027046,19.62064771,20.45,23.39,27.5,32.3,38,43.37,45,46.6,63.30662538,70.99999911
Madagascar,MDG,0.196394691,0.222511586,0.339720155,0.423252419,0.525353655,0.567721802,0.607552239,0.65,1.65,1.63,1.7,1.9,2.3,3,3.7,4.17397219,4.713662899
Maldives,MDV,2.203872939,3.617290649,5.347765169,5.97659285,6.588254875,6.869605067,11.03635278,16.3,23.2,24.8,26.53,34,38.9301,44.1,49.28,54.46195515,59.09258997
Middle East & North Africa,MEA,1.6930127042,2.0766498907,3.757208895,5.1292307396,8.3512980942,9.7530681678,11.7924022551,15.0413603774,18.7368378825,21.5977033056,24.8526291967,27.7842212894,31.5633752546,35.2497982448,40.1385077814,44.2318192716,47.6214167533
Mexico,MEX,5.081384153,7.038023117,11.9,12.9,14.1,17.21,19.52,20.81,21.71,26.34,31.05,37.17629541,39.75,43.46,44.39,57.43104299,59.540446
Marshall Islands,MHL,1.534271796,1.706614078,2.335444575,2.569750367,3.599776814,3.878702398,3.795590214,3.95,4.6,5.6,7,10,12.5,14,16.8,19.2824418,29.78777936
Middle income,MIC,1.5748680338,2.2387471025,3.7662440531,4.9407410551,6.3408736604,7.5084551174,9.228078054,12.0661639855,14.9311130432,17.8927450232,21.8918464801,25.0563591135,28.5088810583,31.4773340673,35.0886608263,38.8997437234,41.9261986366
"Macedonia, FYR",MKD,2.485566316,3.468184608,17.33,19.07,24.44,26.45,28.62,36.3,46.04,51.77,51.9,56.7,57.44994731,65.24,68.06,70.3802,72.15681447
Mali,MLI,0.142545755,0.185897413,0.227045578,0.310364443,0.43281964,0.507063136,0.729627281,0.81,1.57,1.8,2,2.2,2.8,3.5,7,10.33,11.11218649
Malta,MLT,13.11370871,17.87784832,28.92,31.64,34.62,41.24,40.41,46.9,50.08,58.86,63,68.01982379,68.19987429,68.9138,73.17,76.184,77.28939482
Myanmar,MMR,,0.000289277,0.000426494,0.024064149,0.024337392,0.065238856,0.182048331,0.217128445,0.22,0.22,0.25,0.98,4,8,11.52,21.72583401,25.07330424
Middle East & North Africa (excluding high income),MNA,0.8422077416,1.1413692469,2.8167100811,4.0500963961,7.4169456666,8.5392187263,9.912249749,11.8482386142,14.9671374817,17.6714246307,20.6189163555,22.8686217175,26.1350119922,29.6580978423,34.686575866,39.0100700344,42.4675811382
Montenegro,MNE,,,,,25.3500686,27.1,28.9,30.8,32.9,35.1,37.5,35.61154125,56.83878255,60.31,61,68.11958104,69.88164684
Mongolia,MNG,1.255652004,1.653238239,2.039572603,,,,,9,9.8,10,10.2,12.49999111,16.4,17.69998424,19.94244743,21.43603111,22.2657705
Northern Mariana Islands,MNP,,,,,,,,,,,,,,,,,
Mozambique,MOZ,0.10959253,0.160031947,0.259612611,0.419538844,0.679447835,0.854357118,0.842954488,0.91,1.56,2.68,4.17,4.3,6,7.29393733,9.236314896,16.93353299,17.52123909
Mauritania,MRT,0.192031462,0.261448552,0.363229415,0.424004896,0.481470438,0.669966475,0.979661253,1.433613196,1.87,2.28,4,4.5,5,6.2,10.7,15.19912669,18
Mauritius,MUS,7.281535115,8.780904019,10.25262467,12.1871062,13.68908859,15.17222875,16.7,20.22,21.81,22.51,28.33,34.95,35.42,40.11682514,44.80327537,50.13931848,53.22617811
Malawi,MWI,0.126780945,0.164020725,0.215094727,0.278815116,0.347505335,0.384489334,0.42513749,0.965864737,0.7,1.07,2.26,3.33,4.3506,5.05,5.83,9.298148347,9.614097296
Malaysia,MYS,21.38473116,26.6959725,32.33820434,34.97115234,42.25226563,48.62917025,51.63798899,55.7,55.8,55.9,56.3,61,65.8,57.05751226,63.66542588,71.06406781,78.78830993
North America,NAC,43.8793741089,50.1620212514,59.0571968932,61.9397408705,64.8742472235,68.3278747896,69.2704538254,74.8236050881,74.2665029929,71.9166465147,72.5404836416,71.0425495906,75.5235833999,72.8302881788,74.4048152934,75.9410357421,77.5404103808
Namibia,NAM,1.644739547,2.416979442,2.633699769,3.359839886,3.804715615,4.010046644,4.398870647,4.835610778,5.329003772,6.5,11.6,12,12.9414,13.9,14.84,25.68785182,31.03334594
New Caledonia,NCL,13.93954882,18.23710978,22.38979742,26.40833447,30.29804621,32.35901475,33.51571468,35.05,34.51,33.99,42,50,58,66,70,74.00175279,
Niger,NER,0.036261294,0.105185431,0.127152469,0.155698704,0.189933734,0.221341351,0.294033977,0.39039062,0.7,0.76,0.83,1.3,1.4077,1.7,1.95,2.476219975,4.32275803
Nigeria,NGA,0.064080808,0.08990137,0.320461976,0.558576245,1.286137641,3.549155718,5.545036083,6.77,8,9.3,11.5,13.8,16.1,19.1,21,24.5,25.67
Nicaragua,NIC,0.980216487,1.448799428,1.714729584,1.880412532,2.320664609,2.566351177,2.805573063,3.9,5.3,7.3,10,10.6,13.5,15.5,17.6,19.7042915,24.57183396
Netherlands,NLD,43.98435137,49.37306211,61.29,64.35,68.52,81,83.7,85.82,87.42,89.63,90.72,91.41999576,92.85999236,93.9564,91.666666,91.72413793,90.4109589
Norway,NOR,52,64,72.84,78.13,77.69,81.99,82.55,86.93,90.57,92.08,93.39,93.48998265,94.64997805,95.0534,96.3,96.8103,97.29820367
Nepal,NPL,0.204651684,0.240015303,0.31295606,0.382810917,0.449843651,0.826551266,1.141389164,1.41,1.73,1.97,7.93,9,11.1493,13.3,15.44,17.58161801,19.68876384
Nauru,NRU,,2.987155233,,,,,,,,,,54,,,,,
New Zealand,NZL,47.37955654,53.24101529,59.08075328,60.96253987,61.84762781,62.72021237,69,69.76,72.03,79.7,80.46,81.23,81.64447018,82.78,85.5,88.22288882,88.47018635
OECD members,OED,27.8838387432,33.3980169076,41.5248260413,45.720984636,50.5291015367,54.1468285705,56.6075568189,61.8761411302,63.9126490436,65.3216871185,67.6206343304,68.5340432985,70.9495134946,72.2550666161,73.8512428658,76.5197458048,78.5856447919
Oman,OMN,3.520421417,5.893841521,6.873396039,7.255742945,6.75885217,6.68358142,8.299716673,16.68,20,26.8,35.8278,48,60,66.45,70.22,66.13381127,69.81521334
Other small states,OSS,5.3931655354,6.6506991828,8.6155670402,10.3492258401,12.1488749777,12.8946337543,14.2783101849,16.1227454096,18.7726712159,20.8043309885,24.4003751662,28.0245855524,31.3520810149,36.172160796,39.8946640329,43.4281271504,45.5935394527
Pakistan,PAK,,1.318550779,2.577426737,5.041158126,6.164320985,6.332329098,6.5,6.8,7,7.5,8,9,9.96,10.9,12,14,15.51455779
Panama,PAN,6.554796477,7.268399878,8.518077815,9.987424077,11.14086254,11.48400928,17.34956617,22.29,33.82,39.08,40.1,42.7,40.30189522,44.03,44.92,51.20542499,54
Peru,PER,3.076430611,7.578762957,8.96694917,11.6,14.1,17.1,20.7,25.2,30.57,31.4,34.77,36.01,38.2,39.2,40.2,40.9,45.46174069
Philippines,PHL,1.982253196,2.52400566,4.332275746,4.857672267,5.243628452,5.397636329,5.740586325,5.97,6.22,9,25,29,36.2351,48.09902359,49.6,53.7,55.5
Palau,PLW,,,20.24393947,21.60152718,26.97033263,,,,,,,,,,,,
Papua New Guinea,PNG,0.835249302,0.904103545,1.321656935,1.374404668,1.507912772,1.716190476,1.754487261,1.790559361,1.15,1.61,1.28,2,3.5,5.1,6.5,7.9,9.601538462
Poland,POL,7.285428708,9.900669707,21.15,24.87,32.53,38.81,44.58,48.6,53.13,58.97,62.32,61.94999897,62.30999727,62.8492,66.6,67.997,73.3007
Pre-demographic dividend,PRE,0.1230980762,0.1869579279,0.3635427779,0.6450234949,0.9899689734,1.7270296327,2.4771313248,3.3247068191,3.6982801319,4.4105681855,6.2910684166,7.1928841871,8.68208097,10.4154195093,12.4877236312,15.1543437751,17.354399063
Puerto Rico,PRI,10.47464821,15.63003092,17.54764757,19.70702566,22.13073823,23.40005045,25.44241821,27.86,38,41.5,45.3,48,68.9999826,68.99999,76.13385972,79.46876883,80.32
"Korea, Dem. Peopleâ€™s Rep.",PRK,0,0,0,0,0,0,0,0,0,0,0,0,0,,,,
Portugal,PRT,16.43046769,18.08713656,19.37,29.67,31.78,34.99,38.01,42.09,44.13,48.27,53.3,55.24999688,60.33999749,62.0956,64.59,68.6329,70.42356709
Paraguay,PRY,0.747630712,1.098793836,1.794969598,2.111942082,3.452438431,7.907007861,7.962073884,11.21,14.27,18.9,19.8,24.76351588,29.34,36.9,43,48.43868795,51.34987436
West Bank and Gaza,PSE,1.111306207,1.836854839,3.100092235,4.130616356,4.400904826,16.005,18.41,21.176,24.358,32.23,37.4,41.08,43.4,46.6,53.67,57.42419241,61.17838483
Pacific island small states,PSS,1.4582220939,1.8608538734,3.9964781392,4.548423839,5.1744749056,5.5828952123,6.4983861735,7.3978655742,8.6969556802,10.8779203291,12.9869185351,17.6735210293,20.7622988063,22.0789555753,24.7932510564,28.0136158962,30.6784565822
Post-demographic dividend,PST,30.5723616958,36.6531581049,44.7157512471,49.7980076885,54.9763348348,58.5039299701,60.4221007193,65.6693740892,67.6511373013,68.8425372387,70.9546050934,71.4027555324,74.2181273919,75.6981701534,77.3574382692,79.0536858001,80.9390437608
French Polynesia,PYF,6.357063545,6.251588946,8.200216486,14.12429379,17.88453743,21.54218547,25.10796425,28.59,33.87,44.6,49,49,52.87663059,56.8,60.68,64.56020975,68.44041949
Qatar,QAT,4.863679179,6.170268561,10.22612893,19.24233642,20.70164785,24.73349378,28.97411271,37,44.3,53.1,69,69,69.3,85.3,91.49,92.88482645,94.29111815
Romania,ROU,3.613717291,4.538669029,6.58,8.9,15,21.5,24.66,28.3,32.42,36.6,39.93,40.00999678,45.87999425,49.7645,54.08,55.7632,59.50395129
Russian Federation,RUS,1.977230109,2.944367787,4.128271818,8.298860616,12.8593889,15.2266732,18.02327746,24.66,26.83,29,43,49,63.8,67.97,70.52,73.41,76.40908522
Rwanda,RWA,0.06283146,0.24067241,0.292784719,0.356918467,0.430854243,0.556041165,,2.115387178,4.5,7.7,8,7,8.023854277,9,10.6,18,20
South Asia,SAS,0.4739209121,0.6635562042,1.4625452373,1.843164413,2.1843760356,2.5466883279,2.9833483064,3.9734001178,4.416823408,5.1571126466,7.2065456416,9.393092787,11.5120097991,13.7466237906,19.0709449795,23.1889008557,26.4661133468
Saudi Arabia,SAU,2.210691809,4.681053166,6.38470502,8.001582891,10.234533,12.70503599,19.45955435,30,36,38,41,47.5,54,60.5,64.71365737,69.6162358,73.75090368
Sudan,SDN,0.025785032,0.140185224,0.439477639,0.538471703,0.791561615,1.292040678,,8.66,,,16.7,17.46,21,22.7,24.64,26.61492855,28
Senegal,SEN,0.403967486,0.983794059,1.006454537,2.10143643,4.38602398,4.786684083,5.611738652,6.89,7.12,7.5,8,9.8,10.8,13.1,17.7,21.69026413,25.66476804
Singapore,SGP,36,41.67042518,47,53.83794329,62,61,59,69.9,69,69,71,71,72,80.90205685,79.02923586,79.012957,81
Solomon Islands,SLB,0.481296806,0.468551964,0.501919843,0.555609882,0.649672673,0.844307573,1.646347989,2,3,4,5,6,6.9974,8,9,10.00046498,11.00090227
Sierra Leone,SLE,0.118254246,0.160264445,0.176198957,0.190173282,0.203007681,0.21539161,0.227669467,0.239834699,0.25,0.26,0.58,0.9,2.5,4,6.057298984,6.344421603,11.77318438
El Salvador,SLV,1.177397269,1.5,1.9,2.5,3.2,4.2,5.5,6.11,10.08,12.11,15.9,18.9,20.32138772,23.1093,24.76171215,26.80260496,28.99707305
San Marino,SMR,48.79949531,50.34166909,50.83483994,50.00345304,50.56634304,50.2595642,50.20865936,50.36482211,54.52,54.21,,49.6,,,,,
Somalia,SOM,0.02,0.079039179,0.115614213,0.376198003,1.053454744,1.077327839,1.100216368,1.122235622,1.142687372,1.160610542,,1.25,1.3767,1.5,1.63,1.76,1.88
Serbia,SRB,,,,,23.5,26.3,27.2,33.15,35.6,38.1,40.9,42.2,48.1,53.45036418,62.07508046,65.3170254,67.05684137
Sub-Saharan Africa (excluding high income),SSA,0.5002889466,0.641008944,0.8275182466,1.1076534669,1.5033761672,2.0417499652,2.7208413745,3.4981917926,3.9129493644,4.647590094,7.1513729334,8.4861975588,10.3624591949,12.4132710071,14.7664003736,17.7521696835,19.9951004792
South Sudan,SSD,,,,,,,,,,,,,,3.829969245,4.51615373,5.5,6.679728051
Sub-Saharan Africa,SSF,0.5011162478,0.6422420419,0.8291086374,1.1092443762,1.5060415973,2.0444694147,2.7247941941,3.502090818,3.9171738904,4.647590094,7.1549898988,8.4898229363,10.366219955,12.4170362512,14.7699423932,17.7556383435,19.9984977468
Small states,SST,5.0105932203,6.6968077207,8.945160131,10.8608226383,12.6235139638,13.6909600551,15.3154925121,17.3104268384,19.9736567801,22.4401950753,25.9594584215,30.231246778,32.9524956912,37.1285299927,40.6458418464,43.8962366367,46.2225488351
Sao Tome and Principe,STP,4.638516816,6.310917888,7.580665169,10.16184431,13.32285269,13.75948422,14.18201978,14.5904832,15.48,16.41,18.75,20.1612,21.5724,23,24.41,25.82,28
Suriname,SUR,2.506411052,3.064448389,4.161568745,4.719875395,6.076047814,6.403086288,9.499626942,14.11,21.06,31.36,31.59,32,34.6812,37.4,40.08,42.76382778,45.4
Slovak Republic,SVK,9.426803201,12.52832185,40.14,43.04,52.89,55.19,56.08,61.8,66.05,70,75.71,74.43999717,76.70999012,77.8826,79.98,77.6347,80.4759
Slovenia,SVN,15.11025956,30.17591047,27.83888542,31.85479301,40.81,46.81,54.01,56.74,58,64,70,67.33999481,68.34997453,72.6756,71.59,73.0987,75.49850426
Sweden,SWE,45.68765221,51.76566494,70.57,79.13,83.89,84.83,87.76,82.01,90,91,90,92.76998606,93.17998801,94.7836,92.52,90.6102,91.50682826
Swaziland,SWZ,0.926191777,1.28159005,1.816203807,2.437073851,3.228685073,3.696961073,3.696538789,4.1,6.85,8.94,11.04,18.13,20.78178258,24.7,26.17500573,25.64304231,28.57352278
Sint Maarten (Dutch part),SXM,,,,,,,,,,,,,,,,,
Seychelles,SYC,7.395629183,11.01510293,14.30417083,14.59250432,24.27213922,25.41326815,34.95197117,38.38,40.44,,41,43.16400446,47.076,50.4,51.25470199,54.25961786,56.51470815
Syrian Arab Republic,SYR,0.18169858,0.35375913,2.093101019,3.397972614,4.321593778,5.648106049,7.832551569,11.5,14,17.3,20.7,22.5,24.3001,26.2,28.09,29.97979724,31.86962727
Turks and Caicos Islands,TCA,,,,,,,,,,,,,,,,,
Chad,TCD,0.035707076,0.045934134,0.166069665,0.320308555,0.360920107,0.3992577,0.581045764,0.847224521,1.19,1.5,1.7,1.9,2.1,2.5,2.9,3.5,5
East Asia & Pacific (IDA & IBRD countries),TEA,1.9217214936,2.8141880789,4.4607975303,5.8352180738,6.9726459459,8.4243357286,10.3024292961,14.5636611516,19.5018491047,24.0667116367,29.3189611621,32.7888246045,36.5160357635,39.708933307,42.0622336738,45.21010263,48.3866206867
Europe & Central Asia (IDA & IBRD countries),TEC,2.4967017469,3.5992008288,6.5908330936,9.1118294325,12.9405762515,15.0482076254,17.8307095967,23.0591268282,26.6479397678,30.4436663066,38.1668863414,42.6097699585,49.8729034254,53.7257328031,57.7357026431,60.927895029,64.4960018797
Togo,TGO,0.8,0.9,1,1.2,1.5,1.8,2,2.2,2.4,2.6,3,3.5,4,4.5,5.7,7.12,11.31
Thailand,THA,3.689041279,5.556326121,7.531250335,9.299027238,10.67730332,15.02600436,17.16071472,20.03,18.2,20.1,22.4,23.66992562,26.46,28.94,34.89,39.31612674,47.50496562
Tajikistan,TJK,0.048599595,0.051259133,0.055462827,0.064583777,0.077479907,0.298690024,3.772406207,7.197619518,8.78,10.07,11.55,13.03,14.51,16,17.49,18.98,20.47
Turkmenistan,TKM,0.133282183,0.175209518,0.302132016,0.425182632,0.754053983,0.997256559,1.319573118,1.406360688,1.75,1.95,3,5,7.1958,9.6,12.2,14.99677482,17.99032446
Latin America & the Caribbean (IDA & IBRD countries),TLA,3.9216607547,5.6646416156,8.9129682198,11.3305391523,14.4471779895,16.6972139235,20.8921713052,23.8943694412,26.6673278928,31.270152214,34.9811777629,39.7045211552,43.4027606696,46.4303152379,48.9299033645,54.406673729,56.5140732149
Timor-Leste,TLS,,,0,,,0.099031768,0.5,1,1.5,2,3,4,7,11,17.5,23,25.24624959
Middle East & North Africa (IDA & IBRD countries),TMN,0.8387559529,1.1331438627,2.8133414216,4.0491370714,7.452944206,8.4498385949,9.8100433719,11.7354020497,14.8527788927,17.4928668029,20.4115894506,22.6419169353,25.914334092,29.4437562676,34.4443814921,38.7731402655,42.2247783476
Tonga,TON,2.434398044,2.825371839,2.907297316,2.985817368,3.952373895,4.907782762,5.853944095,7.179865329,8.110769944,10,16,25,30,32.75396061,35.95444145,38.65127243,39.95
South Asia (IDA & IBRD),TSA,0.4739209121,0.6635562042,1.4625452373,1.843164413,2.1843760356,2.5466883279,2.9833483064,3.9734001178,4.416823408,5.1571126466,7.2065456416,9.393092787,11.5120097991,13.7466237906,19.0709449795,23.1889008557,26.4661133468
Sub-Saharan Africa (IDA & IBRD countries),TSS,0.5011162478,0.6422420419,0.8291086374,1.1092443762,1.5060415973,2.0444694147,2.7247941941,3.502090818,3.9171738904,4.647590094,7.1549898988,8.4898229363,10.366219955,12.4170362512,14.7699423932,17.7556383435,19.9984977468
Trinidad and Tobago,TTO,7.721411474,15.38462722,21.99867548,25.97176411,27.02427008,28.97671243,30.00374858,32.3,34.8,44.3,48.5,55.2,59.5162,63.8,65.1,69.19847061,73.29694122
Tunisia,TUN,2.750740293,4.297966035,5.252887295,6.490845795,8.528817752,9.655086542,12.98640865,17.1,27.53,34.07,36.8,39.1,41.4416,43.8,46.16,48.51983599,50.87967502
Turkey,TUR,3.761685035,5.189481461,11.38,12.33,14.58,15.46,18.24,28.63,34.37,36.4,39.82,43.06571043,45.13,46.25,51.04,53.74497914,58.34773401
Tuvalu,TUV,5.241639585,,,,,,,10,15,20,25,30,35,37,39.2,42.7,46.00915151
Tanzania,TZA,0.11719444,0.171300351,0.222484414,0.676962857,0.877574971,1.1,1.3,1.6,1.9,2.4,2.9,3.2,3.95,4.4,7,10,13
Uganda,UGA,0.163714063,0.237945087,0.384093505,0.46484984,0.71997068,1.742205503,2.529363038,3.671965351,7.9,9.78,12.5,13.01354333,14.1,15.5,16.9,17.83485947,21.87617046
Ukraine,UKR,0.716183762,1.238759547,1.873885116,3.148127588,3.489477881,3.749764415,4.506124564,6.55,11,17.9,23.3,28.70826284,35.27,40.954129,46.23597546,48.88464368,52.48180829
Upper middle income,UMC,2.5319297321,3.638329446,6.005466431,7.9093147083,9.946611326,11.5671719028,14.0881179303,18.7526767424,23.4937832114,28.5037210215,33.8804557491,38.1485100751,42.7535349227,46.1849826242,49.0202556552,52.5688626891,55.6954077819
Uruguay,URY,10.53905775,11.12143768,11.4194702,15.93713672,17.06309834,20.08818956,29.4,34,39.3,41.8,46.4,51.40466106,54.45376868,57.69,61.46,64.6,66.4
United States,USA,43.07916264,49.08083159,58.78540388,61.69711712,64.75825648,67.96805292,68.93119327,75,74,71,71.69,69.72946076,74.7,71.4,73,74.55420245,76.17673698
Uzbekistan,UZB,0.484347308,0.597567994,1.081939742,1.912595178,2.593725421,3.343509888,6.388321967,7.490604681,9.080114523,11.9,15.9,18.6,23.6,26.8,35.5,42.8,46.79128694
St. Vincent and the Grenadines,VCT,3.245037411,5.094809778,5.54959488,6.462274167,7.371165842,9.198278082,12,16,21,31,33.7,36.7,40,43.5,47.4,51.77,55.57461942
"Venezuela, RB",VEN,3.359597465,4.636000948,4.910446327,7.499963465,8.404469592,12.55299791,15.22471148,20.83,25.88,32.7,37.37,40.22,49.05008307,54.9,57,61.86924809,60
British Virgin Islands,VGB,,,18.88574127,,,,,,,36,37,37.4,37.6,,,,
Virgin Islands (U.S.),VIR,13.81508054,18.37576604,27.49443238,27.42907299,27.37700879,27.34431967,27.33261054,27.33933584,27.36177742,27.39650968,31.22,35.6,40.5479,45.3,50.07,54.8391373,59.6083158
Vietnam,VNM,0.254248276,1.265651236,1.854999236,3.780280814,7.642408528,12.73992929,17.25456172,20.75544477,23.92,26.55,30.65,35.07,36.8,38.5,41,43.5,46.5
Vanuatu,VUT,2.108336891,2.830572239,3.510038711,3.903295845,4.746602619,5.082333808,5.850585059,6.8,7.269119923,7.5,8,9.2,10.598,11.3,18.8,22.35140458,24
World,WLD,6.7700665081,8.0954581769,10.5797877343,12.2752833522,14.1727766821,15.788309537,17.581076112,20.5126230698,23.0670253624,25.4870048622,28.8540458859,31.2755209964,34.3409696472,36.8852987494,39.9386983402,43.1984562882,45.9102820394
Samoa,WSM,0.566392533,1.689902831,2.244832676,2.799630449,3.07552941,3.352592112,4.469173873,4.749983235,5.031615316,6,7,11,12.92249,15.3,21.2,25.40700977,29.41173011
Kosovo,XKX,,,,,,,,,,,,,,,,,
"Yemen, Rep.",YEM,0.082500387,0.090802459,0.518796032,0.6047341,0.881222989,1.048597934,1.247824049,5.01,6.89,9.96,12.35,14.905,17.4465,20,22.55,24.08540947,24.57920836
South Africa,ZAF,5.348559732,6.346619318,6.710322437,7.007691726,8.425118683,7.48854253,7.607139675,8.065375174,8.43,10,24,33.97,41,46.5,49,51.91911572,54
Zambia,ZMB,0.191071643,0.233129556,0.477750907,0.980483039,2.013549532,2.851752261,4.159913394,4.87,5.55,6.31,10,11.5,13.4682,15.4,19,21,25.50657885
Zimbabwe,ZWE,0.401433535,0.799846046,1.1,1.8,2.1,2.4,2.4,3,3.5,4,6.4,8.4,12,15.5,16.36473996,22.7428181,23.11998904
